MedInc,HouseAge,AveRooms,AveBedrms,Population,AveOccup,Latitude,Longitude,MedHouseVal
4.3646,44.0,5.2392,0.9037,1129.0,3.8065,33.83,-117.96,1.8545
3.2798,49.0,5.4176,0.8217,612.0,3.281,34.7,-116.9,0.7139
4.6714,40.0,4.4581,0.939,739.0,3.4921,40.85,-114.84,2.1815
6.9266,11.0,6.1779,1.3916,541.0,3.2598,32.74,-121.47,2.7551
3.1413,3.0,5.2549,1.0085,1878.0,2.5772,39.63,-114.66,1.4173
3.1413,6.0,5.9034,1.481,344.0,3.4296,37.0,-123.66,1.4451
7.1039,9.0,4.335,0.6639,2068.0,1.9239,36.75,-118.18,2.5977
4.93,6.0,4.8751,1.0932,2351.0,3.6377,32.62,-123.72,1.7
2.8256,9.0,6.2669,1.1205,929.0,2.0638,40.25,-115.23,1.6701
4.4556,39.0,4.9526,1.2886,262.0,3.1001,35.93,-118.92,1.9231
2.8334,31.0,7.4724,2.0,899.0,2.3084,37.63,-117.51,1.5764
2.8304,32.0,4.9204,0.8521,1059.0,3.2874,38.92,-115.86,1.279
3.8918,41.0,5.6696,1.0249,629.0,2.8763,39.15,-122.77,1.764
1.4755,50.0,6.5191,1.5,826.0,1.7837,41.54,-123.91,0.5
1.6061,12.0,3.698,0.6895,2544.0,3.1945,37.54,-115.38,0.5464
2.7101,8.0,3.287,0.6522,1581.0,2.4955,36.31,-121.1,1.1768
2.2127,8.0,3.5692,0.717,660.0,3.5168,41.51,-122.99,1.795
4.0205,50.0,6.9151,0.9184,455.0,2.9009,38.59,-119.55,1.9786
2.3196,28.0,4.7378,0.9453,916.0,3.1768,35.35,-118.23,1.4561
1.8487,20.0,8.4698,1.4895,975.0,2.2297,33.74,-123.99,1.1539
6.75,47.0,4.7229,0.8631,1441.0,2.4875,40.47,-121.51,2.6169
3.1531,7.0,5.6215,1.4083,817.0,2.579,35.95,-123.97,1.5044
3.598,11.0,7.2505,1.1312,1453.0,3.4997,38.76,-120.03,1.7893
1.8383,20.0,7.8073,1.7837,3179.0,4.0742,36.98,-115.21,0.5
2.732,16.0,7.8738,1.4979,1717.0,2.3364,34.42,-114.33,1.0295
3.669,4.0,6.85,1.3029,1068.0,3.6538,38.21,-117.83,1.6181
2.0793,6.0,6.6289,1.5091,992.0,1.3812,33.12,-122.66,1.5555
4.1333,22.0,6.111,1.2949,901.0,2.0641,36.44,-115.11,1.0014
2.6637,26.0,6.334,1.3933,2099.0,2.2289,37.69,-119.06,1.5906
3.061,3.0,4.7386,1.1083,777.0,1.9532,36.65,-122.74,1.1023
2.6624,41.0,4.4182,0.8324,1124.0,1.7915,39.59,-114.94,0.579
8.0327,42.0,5.396,0.9636,1128.0,3.1891,40.33,-116.61,3.7762
3.4692,14.0,5.1958,0.8418,832.0,2.7502,39.8,-116.87,1.8182
2.1685,11.0,4.8561,0.8309,516.0,3.1656,32.91,-117.1,1.3151
5.0538,18.0,6.2357,1.8908,1310.0,3.3833,34.37,-122.27,2.4128
2.015,12.0,6.5464,1.5945,1060.0,3.0859,37.59,-122.16,1.7086
3.8343,23.0,5.5061,0.8408,1444.0,3.3604,41.34,-117.31,1.9111
1.4451,12.0,7.173,1.1026,818.0,2.8513,40.4,-122.07,0.8218
1.92,13.0,4.03,0.874,2146.0,2.0691,40.47,-119.85,1.0355
3.8137,25.0,5.1676,1.1325,677.0,3.6405,35.4,-116.36,1.966
4.8662,45.0,4.5398,0.9952,2812.0,2.4876,36.59,-116.34,1.6221
3.7702,51.0,3.1602,0.6038,419.0,2.2451,36.97,-119.7,1.2373
3.3133,19.0,5.3008,1.0369,1393.0,2.7755,34.03,-116.26,1.227
3.0481,46.0,5.2539,1.1111,1424.0,2.261,32.84,-115.79,0.5
1.7944,36.0,7.2161,1.4649,708.0,2.6078,41.45,-117.65,0.9081
2.5246,45.0,6.157,0.7531,1385.0,3.1408,34.81,-121.98,0.5
2.8369,8.0,4.171,0.8006,2217.0,3.1438,34.81,-121.52,1.2463
5.6165,29.0,7.6249,1.2978,324.0,2.2715,33.33,-121.1,2.726
4.074,32.0,6.8652,1.4151,1446.0,2.5586,41.28,-123.11,1.7263
1.5787,51.0,6.0985,1.8569,278.0,3.652,38.0,-121.53,1.1923
4.0384,44.0,5.1282,1.0916,645.0,3.2475,38.82,-122.17,1.2012
2.935,18.0,4.2487,0.8031,2687.0,4.3525,41.12,-119.68,1.725
2.5738,6.0,4.9534,1.1505,796.0,3.7261,35.8,-115.08,1.2975
4.5963,18.0,6.7065,1.4546,575.0,3.701,38.39,-123.24,1.4934
5.5508,19.0,7.6615,1.645,984.0,1.9285,32.91,-116.99,3.2867
5.3073,22.0,7.2519,1.6044,3420.0,3.4347,34.31,-117.32,2.172
2.3925,37.0,4.8134,1.3091,400.0,2.8628,40.36,-123.33,0.7669
3.037,32.0,4.0565,0.6507,615.0,2.5143,39.76,-114.94,0.7558
4.0514,41.0,5.5691,1.2061,2499.0,3.0176,35.85,-118.53,1.5343
5.414,3.0,3.2779,0.5493,3046.0,3.5616,36.09,-120.61,2.2629
2.8133,28.0,5.7878,1.2701,1036.0,3.2506,37.57,-116.62,1.2009
3.2106,10.0,5.2229,0.8766,555.0,2.2851,32.55,-121.69,1.3007
2.1216,51.0,4.8408,0.8974,3473.0,3.4197,34.82,-117.26,0.919
2.0375,35.0,3.4864,0.6613,2636.0,2.4537,34.51,-123.9,0.6645
5.0311,29.0,6.0163,1.4087,1593.0,3.0517,34.9,-115.78,1.3459
6.4257,15.0,4.7608,1.1052,701.0,2.6877,40.13,-119.75,2.7588
3.3791,33.0,3.9961,0.625,1067.0,2.7468,35.18,-117.84,0.5027
5.4827,7.0,2.0,0.5,1004.0,3.4364,34.35,-122.05,2.3998
4.1072,12.0,5.367,0.9401,1315.0,2.1719,37.29,-117.43,1.457
2.6109,49.0,7.5267,1.1738,2436.0,4.2616,40.69,-116.46,1.1699
4.1067,30.0,7.3935,1.4225,1779.0,1.6252,34.82,-119.5,2.2253
6.9735,21.0,4.8515,0.9179,606.0,2.4816,33.29,-118.03,2.5456
3.4345,31.0,4.6773,1.3327,2338.0,3.1591,35.9,-119.67,1.7311
7.0575,24.0,5.9625,1.2829,1303.0,3.309,39.58,-115.22,2.8344
1.0737,20.0,4.2019,0.6378,1600.0,2.8297,37.73,-119.25,1.1024
5.0524,37.0,5.7622,1.0385,2457.0,2.8598,40.23,-115.76,1.9908
3.6298,4.0,6.3193,1.4898,595.0,3.1874,41.57,-116.17,1.3947
3.0509,28.0,6.8723,1.8768,1075.0,2.7383,40.0,-120.13,1.6142
3.6375,44.0,5.2798,0.7629,819.0,3.8752,38.23,-121.96,1.3984
1.427,20.0,5.1556,0.6919,463.0,3.4875,37.19,-120.18,0.5
3.1618,24.0,4.3464,1.1539,1327.0,3.511,32.93,-115.91,0.9943
4.0988,50.0,4.4077,0.9417,4365.0,2.2237,41.8,-121.99,1.7128
6.7873,49.0,5.1282,0.8698,399.0,2.8444,36.15,-118.98,3.2417
2.7643,51.0,5.8408,1.2775,1077.0,2.6897,33.98,-116.12,0.5
2.4258,32.0,6.4963,0.7,1560.0,2.1961,38.82,-120.71,1.1688
2.7849,41.0,4.4362,0.8878,1173.0,3.1521,35.22,-117.78,1.2601
5.2695,36.0,7.1912,1.5208,1030.0,2.5236,38.06,-121.81,2.3739
4.0468,34.0,5.0747,1.1791,537.0,3.3588,38.07,-123.19,2.2046
2.75,36.0,5.3744,0.8842,1246.0,2.1509,36.74,-116.24,1.0847
4.3972,2.0,4.5033,0.9142,723.0,4.1033,40.41,-123.3,1.9876
3.6462,15.0,2.4909,0.5,329.0,2.2726,35.04,-121.55,1.7324
5.3973,34.0,6.4609,1.3499,2115.0,3.0535,36.77,-115.62,2.246
2.5449,36.0,6.2842,1.0599,1858.0,3.4543,37.6,-120.78,0.9746
3.0118,6.0,5.0624,0.9402,1128.0,2.5006,38.79,-114.42,1.5125
2.9258,39.0,5.4804,0.9051,1244.0,3.4967,39.92,-114.36,0.9625
1.8065,42.0,6.0191,1.341,1980.0,2.0396,36.26,-121.58,0.5339
3.9879,51.0,3.5249,0.8109,1241.0,3.9165,38.62,-123.88,1.4344
3.9254,51.0,4.7651,0.9139,1803.0,2.9099,33.97,-117.14,1.9294
3.4984,12.0,6.3531,1.2791,931.0,2.4825,41.32,-119.72,0.5482
3.1407,3.0,3.8949,0.5815,2257.0,2.6906,36.15,-123.28,1.5785
1.8461,45.0,5.7523,1.0901,1308.0,3.4662,39.41,-117.12,0.7539
2.8884,18.0,3.7721,0.7478,1220.0,2.4909,32.74,-123.98,0.6228
2.9915,40.0,5.9597,1.7386,545.0,2.3754,34.48,-115.47,1.2094
2.4326,21.0,5.3572,0.8629,1284.0,2.7449,37.13,-122.89,1.3032
3.246,15.0,3.4618,0.8698,694.0,2.0761,40.81,-123.01,1.714
4.1863,33.0,6.7977,1.5967,772.0,4.1744,37.51,-122.52,0.8888
8.1562,35.0,4.5185,0.9481,700.0,2.5035,41.29,-114.55,3.8859
3.7756,26.0,4.4277,1.1581,610.0,3.4821,37.1,-117.26,1.2677
3.9192,8.0,5.6407,1.2016,3528.0,3.0466,37.16,-116.17,1.9118
3.3754,36.0,6.7784,1.448,2281.0,2.2108,33.68,-120.26,1.6387
1.4719,48.0,4.181,0.8284,3153.0,2.8958,40.09,-120.89,0.5
3.4489,30.0,5.474,1.3292,560.0,3.4488,34.87,-121.92,1.6636
3.5862,23.0,5.9146,1.4099,1140.0,2.7682,41.01,-119.42,1.4862
10.5746,42.0,6.2317,1.1099,538.0,3.7352,41.11,-118.7,3.7763
3.2009,44.0,5.6117,0.8632,748.0,3.6151,41.42,-117.89,1.7905
3.9976,14.0,4.9596,0.9567,662.0,3.5432,37.44,-121.69,1.5078
3.4362,14.0,4.4069,0.758,2168.0,2.5782,38.91,-114.67,1.1588
2.0629,2.0,5.5034,1.0884,882.0,2.1441,39.87,-122.58,0.9679
5.8373,37.0,4.1134,1.0008,1974.0,2.4705,33.78,-114.5,2.3353
4.8958,5.0,2.0,0.5,1529.0,3.0374,38.2,-124.15,2.1265
4.9827,38.0,5.9239,1.1759,3893.0,3.2821,32.87,-119.42,2.1606
2.3182,45.0,6.4847,1.3101,486.0,1.3799,37.23,-120.92,0.5395
6.5618,41.0,2.5645,0.589,2192.0,2.8943,34.01,-119.74,2.3063
1.8574,47.0,4.1883,0.5083,2060.0,3.0107,34.27,-118.51,0.5916
4.5453,14.0,6.143,1.0982,642.0,2.7057,35.98,-119.88,2.6717
9.3531,39.0,7.869,1.632,1908.0,3.8039,36.61,-120.09,3.9085
2.235,25.0,5.425,1.3129,1319.0,3.1952,38.41,-116.86,1.3126
2.7052,20.0,4.5264,0.8274,968.0,3.8171,33.25,-117.34,1.0603
3.6504,2.0,5.1805,0.6959,697.0,2.7488,37.28,-115.84,1.4635
2.7827,39.0,7.0499,1.5629,738.0,3.5562,34.27,-121.76,1.0647
1.7371,6.0,4.6248,0.8221,3386.0,4.0445,37.95,-118.11,0.7201
3.5997,17.0,4.441,0.7033,1097.0,3.8182,38.54,-118.36,1.7717
2.164,25.0,4.8207,0.8588,1686.0,2.1355,37.78,-120.55,1.4482
4.3194,28.0,4.256,0.8237,710.0,2.7224,39.49,-119.37,1.981
2.3077,2.0,5.5472,0.992,714.0,2.6584,35.7,-121.12,1.5258
7.0109,35.0,7.3496,0.9026,1988.0,3.2425,39.74,-122.86,2.7897
2.4536,37.0,5.7877,1.3393,522.0,3.3804,36.62,-122.13,0.8941
3.0194,5.0,5.0972,1.2469,873.0,2.3128,37.1,-123.23,1.1663
5.0333,1.0,5.0498,1.1251,1117.0,2.9475,38.64,-117.37,2.3302
2.0059,40.0,3.5242,0.5645,1166.0,1.4861,32.72,-117.59,0.5497
3.8665,12.0,6.4597,1.2464,994.0,3.9094,38.7,-114.65,1.9425
6.2853,36.0,5.3066,1.0601,1363.0,2.5413,38.36,-116.89,2.2879
1.6932,45.0,5.1834,1.1453,1605.0,2.9391,35.46,-123.77,0.6885
3.7927,23.0,9.2317,2.0,1643.0,2.6832,33.36,-115.32,1.8321
3.9234,47.0,5.7585,1.0037,638.0,3.7022,33.4,-115.54,0.7501
4.9621,31.0,4.4979,0.9125,938.0,1.0,41.23,-119.8,2.9242
2.0005,11.0,4.8884,1.0559,2116.0,2.8884,39.03,-118.35,0.819
1.9267,10.0,6.7781,1.701,1794.0,2.8259,33.74,-114.39,0.5
4.4144,3.0,5.5359,1.2437,515.0,2.5825,35.9,-118.9,1.9996
3.9894,14.0,3.6741,0.8363,1331.0,4.1084,38.12,-115.11,1.6388
3.9068,16.0,6.5031,1.3197,369.0,2.2789,40.4,-123.46,1.8523
4.0792,10.0,4.5982,1.1466,1125.0,3.4403,32.96,-122.36,2.0621
2.5702,29.0,7.648,1.6393,3114.0,3.1494,34.77,-119.83,1.3476
3.8749,10.0,6.6961,1.1374,651.0,3.7831,40.91,-118.36,1.9275
3.9824,12.0,4.8632,1.2115,693.0,2.433,32.64,-116.02,1.7486
2.5308,30.0,6.9372,1.5569,1669.0,2.3869,34.44,-114.27,0.9394
8.0817,41.0,5.4814,1.0113,469.0,3.6672,41.56,-120.35,4.0894
4.3199,1.0,6.4233,1.1769,774.0,3.1977,38.32,-123.82,1.5504
2.042,5.0,5.9817,1.2584,1522.0,1.8185,35.01,-116.17,0.9502
4.6901,20.0,4.3844,0.948,774.0,2.5225,33.18,-118.17,1.9196
2.251,8.0,4.6277,0.9575,963.0,3.1705,32.81,-122.28,1.2581
4.9738,43.0,6.636,1.3995,1651.0,3.4864,34.85,-119.28,1.7207
5.8789,12.0,4.9983,1.297,1383.0,2.4245,40.84,-116.77,1.945
2.4126,1.0,4.9156,1.1675,1270.0,1.0,36.46,-116.48,1.1357
5.3845,20.0,4.2539,0.8792,910.0,3.2663,39.32,-119.23,2.4128
4.2028,28.0,5.9083,1.3763,1344.0,2.0458,41.18,-121.2,2.4228
5.0527,43.0,7.875,1.2904,1024.0,1.4879,36.39,-114.42,1.6631
8.1953,37.0,4.119,0.8812,1411.0,1.0,34.35,-117.57,3.7294
3.1254,47.0,5.4291,1.4296,834.0,3.4698,37.41,-120.16,2.0684
2.4864,37.0,7.0947,1.3648,992.0,2.99,41.09,-121.45,1.0579
2.339,12.0,5.3044,0.9035,636.0,2.742,40.11,-116.88,0.6519
2.4179,37.0,5.9428,1.0529,1076.0,3.8723,33.17,-121.84,0.8254
3.3713,49.0,4.1251,0.6677,702.0,3.3461,39.06,-122.56,1.4144
4.0695,49.0,5.914,1.0204,594.0,4.0314,37.93,-118.92,1.8659
3.9531,44.0,5.1754,0.968,1264.0,1.9251,41.08,-121.36,1.5282
5.0644,28.0,6.5829,0.9927,1233.0,2.8758,33.7,-117.92,2.6585
3.5108,47.0,6.8249,1.3687,1687.0,1.7683,37.57,-123.1,1.1436
6.7133,15.0,8.5075,1.9702,865.0,2.7394,40.82,-117.65,2.4025
3.0985,6.0,6.0956,1.0254,1373.0,2.726,36.4,-121.42,1.8468
11.8707,44.0,5.791,1.4661,1485.0,3.3386,37.08,-124.3,4.193
4.6253,20.0,5.6333,1.2274,1401.0,2.9319,33.21,-123.01,1.8929
2.3733,50.0,4.9762,1.1747,696.0,3.3364,35.16,-114.82,1.8816
2.1557,14.0,5.8062,1.0276,1191.0,3.3924,35.6,-115.5,0.9009
4.3367,2.0,5.0455,1.16,1340.0,4.4085,41.43,-121.93,1.6285
3.1564,9.0,5.6022,0.9063,1101.0,2.6793,35.21,-116.4,1.3431
4.8129,37.0,6.9811,1.6137,348.0,2.2413,36.88,-118.12,2.0081
4.3187,20.0,4.1921,0.8636,1198.0,3.0723,38.86,-114.45,1.8405
3.3778,26.0,6.7679,1.4846,3703.0,2.3384,34.07,-120.51,1.6443
2.3844,29.0,6.9805,1.1089,900.0,3.9374,37.12,-117.38,0.6773
1.7653,1.0,5.2583,0.8869,735.0,2.7017,39.49,-123.66,1.5855
2.855,35.0,2.8538,0.6304,1347.0,2.5041,40.7,-120.28,1.285
5.1314,6.0,4.6706,0.7791,1302.0,2.5701,38.44,-114.52,2.4633
3.8433,37.0,6.9564,1.5041,2113.0,3.4029,38.84,-118.83,1.4211
1.9926,5.0,5.3726,0.8174,549.0,2.7896,33.74,-121.38,1.3866
3.7732,33.0,4.2008,0.9649,1640.0,2.4508,41.44,-123.08,1.5915
4.1512,49.0,4.7943,0.752,1517.0,4.0657,33.8,-117.16,1.6524
2.345,51.0,6.4087,1.4056,1014.0,2.3007,39.83,-117.75,0.6435
3.7403,14.0,6.0561,1.3438,1321.0,2.9249,35.04,-120.5,1.2773
3.583,12.0,5.1133,0.898,1932.0,3.3566,41.33,-114.65,1.8276
2.0869,42.0,4.9598,1.093,1772.0,1.7581,39.32,-124.07,0.7874
4.1001,20.0,4.9299,1.0309,585.0,3.2362,39.64,-121.22,1.5341
4.4922,50.0,4.2931,0.7777,1722.0,2.1614,34.61,-114.95,1.4544
5.6824,24.0,7.3385,1.2086,1058.0,3.4759,36.71,-121.04,2.751
5.6081,43.0,5.0132,0.6583,1141.0,2.2261,38.36,-121.74,2.1796
1.8777,34.0,6.8606,1.4561,1142.0,3.3849,39.79,-118.88,0.8154
2.2887,25.0,7.2256,1.0494,1010.0,3.6741,33.53,-115.94,0.9471
4.4007,50.0,6.598,1.3416,2112.0,3.503,41.6,-123.25,1.2689
4.3982,29.0,4.8821,0.9314,1047.0,3.0759,40.92,-114.73,1.3392
4.4007,39.0,5.8845,1.3168,592.0,2.7381,35.09,-116.23,1.8627
15.0,31.0,5.371,1.0174,883.0,2.4965,40.28,-122.46,5.0
4.5127,47.0,4.3156,0.8134,1210.0,3.9297,37.42,-117.07,2.1348
5.8183,43.0,5.7892,1.3061,2156.0,2.4104,36.89,-120.39,2.7471
5.3618,50.0,3.9852,0.8438,1528.0,2.1741,35.51,-120.22,2.376
4.6792,23.0,6.8252,1.4406,687.0,3.3658,38.01,-116.35,2.6452
3.0287,44.0,4.8425,1.048,4302.0,2.3427,39.41,-114.53,1.124
4.9113,38.0,5.6414,0.8251,1269.0,2.235,36.41,-123.01,2.348
2.4651,20.0,5.7399,1.3,2212.0,1.8895,38.46,-120.03,0.9194
3.1375,23.0,5.0893,1.127,1009.0,2.562,39.12,-119.42,2.2432
2.8055,45.0,6.104,1.0036,1470.0,2.8421,39.23,-120.48,1.9165
3.6213,52.0,4.8301,0.9248,1740.0,3.0702,33.04,-120.61,1.362
9.8907,16.0,6.4456,1.2802,2143.0,3.5659,40.63,-123.77,4.5023
1.5064,50.0,3.7848,0.7391,1962.0,3.2688,36.86,-117.34,0.9433
4.7532,42.0,5.5517,1.1752,1772.0,2.7664,35.02,-119.87,1.8669
1.6892,8.0,7.7267,1.9324,922.0,2.7613,34.82,-122.32,0.6164
2.8225,50.0,4.1996,0.9989,801.0,3.2571,37.09,-116.02,1.3206
5.6975,21.0,4.5867,0.7067,1317.0,3.7908,40.89,-116.15,2.4713
3.5928,1.0,6.0167,1.3343,1832.0,2.9884,36.11,-119.36,1.6774
2.149,8.0,5.6155,1.3843,970.0,2.5716,39.6,-121.27,0.7783
2.5297,29.0,5.8208,1.243,1970.0,2.205,33.46,-117.82,0.5
4.739,32.0,5.987,1.426,2438.0,1.8884,37.02,-121.38,2.1038
2.5126,38.0,6.1617,1.6663,663.0,3.3664,41.87,-121.9,1.4679
3.8474,5.0,6.7316,1.5875,692.0,3.3046,39.79,-116.89,1.6804
3.5627,47.0,5.8918,1.2298,1015.0,3.3042,34.53,-123.89,1.962
2.6033,22.0,5.1105,1.209,1299.0,2.8099,37.26,-123.34,0.9275
9.1593,47.0,6.2071,1.2729,822.0,3.8849,34.75,-124.23,3.4542
4.6425,34.0,7.6799,1.5424,2307.0,2.5611,36.4,-122.75,2.0153
1.4031,1.0,5.2408,0.9837,1385.0,3.5687,39.88,-123.6,0.7928
3.7958,26.0,4.2306,1.0776,1121.0,2.8729,39.8,-114.19,1.8135
2.5914,43.0,6.7285,1.153,498.0,2.4742,34.69,-121.37,0.823
5.1223,10.0,5.2555,1.333,532.0,3.3148,41.22,-122.78,2.8262
2.4433,30.0,2.7928,0.6074,1280.0,3.1867,38.12,-121.85,1.6963
3.3147,50.0,6.4169,0.9691,339.0,3.1499,36.12,-114.8,1.2785
4.3809,18.0,4.7576,1.0127,1914.0,2.9569,37.27,-119.02,2.3006
5.1531,17.0,5.2914,0.6694,1005.0,2.8735,38.24,-120.6,1.9266
2.0337,26.0,5.7984,1.2866,6527.0,4.5719,37.81,-115.44,1.1334
3.0026,8.0,5.6286,1.3001,3902.0,3.729,37.12,-120.29,1.6918
2.8187,47.0,6.2513,1.1207,992.0,3.406,37.3,-120.9,1.4831
2.6013,40.0,4.8774,0.9966,1034.0,2.9783,34.21,-122.2,1.0239
7.7249,49.0,6.0157,1.6146,1896.0,3.605,40.19,-120.47,2.1888
4.1881,12.0,5.0885,0.9276,2798.0,3.2626,37.64,-121.09,1.6284
1.979,27.0,6.2866,1.0243,445.0,2.9183,33.78,-117.43,0.5889
5.2753,8.0,6.1384,1.546,411.0,2.6875,39.75,-121.36,2.0598
9.07,25.0,4.2775,1.1493,779.0,2.8434,41.31,-118.44,3.9002
5.5545,46.0,6.7032,1.3415,1511.0,1.0,41.45,-123.63,2.345
1.7617,4.0,4.7568,1.1198,1441.0,3.0474,36.02,-122.36,0.5504
2.8069,33.0,6.3697,1.573,1975.0,2.5581,33.82,-120.16,0.753
6.1725,1.0,5.8407,1.0164,567.0,4.0149,37.42,-114.79,2.419
2.5384,19.0,7.6058,1.392,307.0,2.9135,33.61,-120.47,1.541
4.2619,31.0,5.1318,1.2475,1758.0,2.0677,41.33,-117.56,1.6022
4.946,16.0,4.9808,1.2899,695.0,2.8651,34.28,-121.71,1.9103
2.2999,14.0,5.3767,1.1813,361.0,2.1677,34.93,-123.01,0.9001
3.3981,48.0,5.0362,0.8522,1188.0,3.2314,36.37,-123.71,1.53
0.8117,5.0,6.3599,1.7143,1696.0,3.1037,36.15,-121.2,0.6022
2.2013,41.0,3.4604,0.6278,1025.0,3.5705,40.02,-122.7,0.5
3.1154,26.0,4.1356,0.7786,853.0,2.3464,36.84,-122.53,1.7119
1.9907,28.0,4.1186,0.8731,1005.0,2.9238,34.16,-116.58,1.2152
7.276,2.0,6.5404,1.6638,894.0,1.9445,35.06,-124.14,2.8618
1.8339,50.0,7.4527,1.7133,522.0,3.391,37.34,-118.64,0.5
2.8633,6.0,5.2747,1.1315,740.0,3.2632,33.94,-120.45,1.0919
3.7019,9.0,5.1974,1.1238,1461.0,3.2471,38.3,-119.16,1.3832
6.6764,33.0,5.4841,1.1052,1309.0,2.9011,37.87,-118.59,2.8834
1.8292,41.0,6.7943,1.4916,1203.0,3.1903,39.27,-121.12,0.5
5.891,25.0,4.2872,0.5,634.0,4.023,41.36,-121.3,2.211
3.5065,48.0,5.686,1.0782,992.0,2.7004,41.13,-116.86,2.009
2.2441,13.0,6.5702,1.3695,331.0,2.9971,41.44,-115.46,0.7592
4.2971,9.0,6.0013,0.9585,1210.0,2.1397,34.85,-122.35,2.3804
3.8174,13.0,5.6275,1.2016,2406.0,2.2922,33.79,-123.31,1.7947
2.6642,31.0,6.6013,1.273,487.0,2.9685,35.39,-115.19,0.5
3.6017,41.0,2.1561,0.5637,795.0,3.6728,40.96,-120.75,1.6855
2.9347,11.0,6.2135,1.5848,1314.0,2.7206,41.69,-118.7,1.3556
3.6733,4.0,4.6151,0.8478,2184.0,2.7349,40.63,-120.65,1.5617
4.7019,34.0,3.2032,0.6237,857.0,2.6152,33.58,-123.02,1.983
7.1257,38.0,6.0134,1.1871,749.0,2.5257,41.46,-118.32,3.2361
1.9997,46.0,7.0484,1.2983,371.0,3.1065,36.53,-118.97,1.0767
9.1145,4.0,5.2351,1.0827,1161.0,1.8519,32.64,-122.24,4.3154
1.45,38.0,6.5434,1.135,3372.0,3.7967,36.71,-119.71,0.7377
3.2599,19.0,7.3347,1.1767,1277.0,2.4342,32.98,-116.21,0.8962
4.5483,6.0,6.9779,1.5477,1083.0,3.4053,37.66,-118.31,1.8716
3.9608,34.0,7.368,1.6359,1309.0,2.011,35.73,-123.32,2.7744
2.6374,18.0,6.2906,1.081,1090.0,3.3682,37.0,-118.74,1.4405
3.1783,13.0,5.4905,1.2702,701.0,3.3704,38.31,-117.17,2.2188
2.7959,41.0,3.4776,0.6187,1725.0,3.1689,40.72,-116.25,1.594
2.6772,23.0,5.1047,1.0662,1242.0,2.2039,38.77,-117.91,1.2552
5.1157,19.0,4.3881,1.0036,1107.0,3.0747,36.63,-122.75,2.3069
4.0986,45.0,8.0051,1.5916,641.0,2.0719,40.25,-117.09,1.7805
2.5554,11.0,5.1889,1.1204,2246.0,2.7231,41.06,-117.42,0.5792
5.2321,1.0,5.5478,1.0093,1581.0,3.6206,33.68,-124.05,2.3279
4.008,24.0,6.0618,1.1707,809.0,3.4577,37.55,-120.12,2.1781
5.0319,7.0,5.4523,1.0512,1903.0,2.9106,35.22,-120.92,1.9874
4.6336,25.0,7.4341,1.2926,834.0,2.2176,32.99,-117.51,2.0972
2.4036,21.0,4.6528,0.9018,713.0,3.3519,38.83,-122.11,1.4067
2.7126,15.0,5.6335,0.8214,722.0,2.9136,40.66,-118.3,0.9805
4.8856,1.0,4.509,0.8243,414.0,1.2758,34.08,-115.03,1.9058
4.5936,12.0,3.816,0.7251,1421.0,3.4478,40.19,-116.2,1.6146
3.4577,7.0,4.6659,0.8913,401.0,2.883,40.57,-114.95,1.2585
3.6796,15.0,5.3556,1.0258,558.0,3.7417,41.14,-114.37,1.1654
6.2025,21.0,4.8848,0.9664,350.0,2.1333,35.04,-124.19,2.3716
2.6746,19.0,4.5691,0.9905,1046.0,1.0,41.05,-117.98,1.7307
4.4647,29.0,3.7124,0.8561,1010.0,3.0954,35.56,-120.11,1.4887
3.1868,25.0,5.3003,0.9395,916.0,3.1041,37.74,-115.57,1.3738
3.1647,33.0,3.5943,0.5675,618.0,1.7165,33.02,-121.74,1.0872
5.7228,49.0,6.3121,1.0322,576.0,2.2151,32.96,-114.34,2.652
5.0604,32.0,5.4989,1.006,1416.0,4.8287,39.32,-118.07,2.5891
5.0333,49.0,3.6509,0.6852,810.0,2.6861,36.73,-116.25,2.2547
6.2806,35.0,5.0289,0.8703,1305.0,3.4117,34.96,-123.43,2.7431
3.5235,44.0,4.4974,0.6955,674.0,2.4445,34.34,-122.44,1.3447
4.744,38.0,5.783,1.0643,1211.0,1.4368,38.85,-116.6,1.5857
3.0355,26.0,7.0085,1.4462,2246.0,2.7808,32.55,-124.08,1.9939
4.0385,11.0,3.1498,0.6956,1514.0,2.7141,40.13,-116.01,1.4542
3.2918,35.0,5.538,0.9996,874.0,2.6201,33.29,-124.16,1.6193
3.6461,8.0,5.2078,0.9663,1263.0,2.8198,34.35,-117.63,1.9188
4.5623,46.0,6.2056,1.0398,961.0,3.085,36.18,-120.59,1.7055
2.4152,14.0,5.6558,1.1249,1101.0,2.7949,37.11,-118.09,1.4418
8.9493,10.0,4.4976,0.766,917.0,2.0152,35.89,-117.24,4.0592
2.2195,2.0,5.0171,1.1041,1002.0,3.2403,35.56,-120.82,1.6265
2.021,46.0,4.4448,0.6111,1232.0,1.5354,41.61,-123.2,0.7916
5.8776,9.0,6.6912,1.254,635.0,1.4647,38.58,-123.59,2.2755
4.9841,3.0,5.4256,1.1423,627.0,3.4174,32.77,-118.32,1.9249
4.6221,21.0,7.6814,1.5857,511.0,3.2549,36.59,-119.02,2.1074
4.6309,26.0,5.3272,1.5676,455.0,2.8598,40.78,-116.77,1.9902
3.4712,8.0,4.5499,0.9657,561.0,1.9232,35.38,-119.13,1.3708
2.3309,48.0,3.5835,0.5908,1197.0,2.4045,33.44,-120.01,0.5
3.6115,2.0,3.2362,0.6364,671.0,2.7161,39.68,-120.26,1.8132
2.5735,6.0,3.499,0.5,1455.0,1.7829,38.25,-124.03,1.9438
5.413,28.0,5.7206,1.128,1118.0,2.3827,37.91,-120.89,2.5108
3.2668,29.0,6.0105,1.0268,371.0,3.3566,33.05,-114.39,1.4755
2.4073,26.0,3.5026,0.8127,1572.0,3.8991,33.87,-115.43,1.0297
3.0204,25.0,6.474,1.1703,1713.0,2.6064,38.4,-120.96,1.5264
4.2031,12.0,4.8203,0.9444,635.0,3.4295,34.5,-118.33,2.087
2.7083,5.0,5.5762,0.9912,1382.0,1.5602,37.29,-115.7,1.3665
2.4109,34.0,7.3347,1.9133,685.0,3.3616,37.67,-119.82,0.9326
3.8949,48.0,6.4762,1.2224,1157.0,2.3372,35.21,-124.12,1.3733
3.8971,37.0,5.0778,1.3412,547.0,3.1151,41.47,-123.54,1.6481
2.7784,15.0,4.3306,0.9895,409.0,2.7266,40.47,-119.12,1.3788
2.8237,44.0,2.8178,0.6111,888.0,3.8243,39.34,-114.46,0.9097
3.8745,36.0,4.537,0.966,1024.0,2.2879,33.28,-117.26,1.5953
1.8191,15.0,5.1466,1.1003,881.0,3.3393,33.55,-123.58,0.9621
1.8527,43.0,4.2154,0.5587,572.0,2.7043,37.18,-122.38,1.0708
2.5262,48.0,5.2425,0.9973,880.0,2.7892,34.06,-116.47,1.3467
3.1707,23.0,5.4922,1.2609,1272.0,2.7713,41.75,-115.76,1.4253
4.0145,6.0,5.1302,1.0173,1070.0,2.308,34.04,-118.03,1.2548
6.7795,46.0,4.62,0.6968,1212.0,2.8901,37.13,-117.76,2.6433
5.1343,50.0,5.6024,1.1102,759.0,2.8561,35.97,-124.01,2.1593
3.248,44.0,5.9303,1.5398,2089.0,3.0689,38.56,-115.89,0.6269
3.4606,43.0,4.0915,0.9969,574.0,2.9592,33.76,-116.3,1.7365
2.223,45.0,7.0931,1.4032,1434.0,3.4586,36.59,-121.67,0.9962
3.4614,21.0,5.2817,1.2322,2101.0,3.5465,35.13,-117.11,1.5224
3.0652,23.0,5.4226,1.015,1429.0,2.1646,40.89,-122.12,1.9341
4.0359,43.0,6.2499,0.8773,981.0,3.5081,32.93,-123.89,1.4631
2.4055,16.0,5.6799,0.9522,820.0,2.0696,41.14,-122.26,1.439
4.4093,47.0,6.5438,1.6667,1939.0,3.3115,40.38,-122.49,1.8574
6.9569,15.0,5.7445,1.0938,501.0,3.3338,35.35,-120.87,2.9285
3.3236,25.0,4.6651,0.8933,643.0,1.5621,39.97,-120.05,1.2294
4.1819,36.0,5.8338,1.1055,881.0,2.9651,32.84,-119.14,2.2551
4.7615,11.0,4.0275,1.0739,2166.0,2.5721,41.64,-119.46,1.9792
2.9138,51.0,5.5303,1.4208,1351.0,2.3689,37.5,-121.55,1.419
3.8607,15.0,5.3601,1.4883,644.0,3.8456,35.4,-124.0,1.0263
3.5102,4.0,5.1503,1.0014,925.0,2.4424,35.96,-118.16,1.9636
3.6472,21.0,5.2458,1.1034,782.0,2.3355,33.17,-120.28,1.8838
2.4649,13.0,3.1418,0.5,742.0,2.953,41.85,-121.27,1.218
3.5291,22.0,4.7415,1.1934,1879.0,3.3799,32.92,-115.5,1.2491
4.3671,19.0,5.5114,0.877,516.0,2.8008,38.71,-116.72,2.0488
6.7061,34.0,5.5918,1.1608,2657.0,3.7165,36.71,-115.59,3.5212
5.3745,14.0,4.1668,0.6733,1729.0,3.2717,41.47,-119.28,1.765
9.1975,4.0,6.9188,1.2412,1998.0,1.3753,34.86,-122.97,4.3289
2.4712,48.0,4.3606,0.7443,850.0,2.5294,37.55,-117.23,0.6216
5.1683,52.0,6.5633,1.173,1010.0,2.5067,37.08,-122.21,2.1793
3.7905,46.0,5.9126,1.071,499.0,3.2356,39.16,-119.82,1.5236
9.3503,27.0,4.6245,0.8362,822.0,1.0626,33.19,-123.64,3.7997
2.4261,29.0,7.5304,1.7257,1439.0,4.6843,34.37,-115.92,0.9367
2.392,47.0,3.9676,0.6401,2237.0,3.2717,34.57,-123.02,0.5072
2.6652,28.0,6.503,1.3508,596.0,3.0042,39.49,-115.13,1.5129
1.3421,35.0,6.6007,1.6015,897.0,3.7271,34.33,-115.53,0.5
2.755,8.0,4.5953,0.8365,1009.0,4.5406,37.94,-119.58,1.4233
2.4803,16.0,7.071,1.2365,509.0,3.5095,34.57,-116.74,0.9626
3.7347,42.0,5.0999,0.9788,1518.0,3.5642,40.65,-118.01,1.1515
4.0706,36.0,5.7464,1.3866,736.0,2.9915,41.41,-116.15,1.7973
8.1196,30.0,5.7124,1.1813,985.0,2.8009,37.42,-119.92,2.8982
5.3532,18.0,5.2388,0.9504,855.0,2.5669,35.86,-116.32,2.26
2.6923,2.0,6.373,1.3825,710.0,2.3217,34.75,-119.61,0.7431
2.3296,49.0,6.3522,1.0254,1092.0,2.4191,33.02,-114.75,0.9771
4.3552,13.0,3.3018,0.7391,974.0,1.9546,35.07,-119.36,1.491
1.9269,4.0,6.9652,1.4927,894.0,2.8469,38.7,-119.6,0.8409
7.9578,26.0,3.405,0.6443,735.0,1.7207,37.57,-116.33,3.401
5.9343,25.0,6.6391,1.133,1307.0,3.0336,41.42,-115.96,2.3345
2.826,30.0,6.752,1.1409,2723.0,2.8746,36.28,-118.67,1.1894
1.6146,11.0,4.0908,0.8947,1184.0,3.0029,39.07,-122.48,0.5
6.4189,7.0,4.907,1.1925,1897.0,2.5345,37.15,-119.55,2.9884
3.315,31.0,4.0732,0.7238,510.0,5.0538,37.37,-114.47,1.89
6.0922,44.0,5.1421,1.1109,1196.0,3.8521,35.07,-116.66,3.379
1.7032,10.0,5.0304,0.6386,600.0,2.0288,36.83,-116.07,0.8186
2.6652,39.0,6.3356,1.1375,487.0,3.063,36.98,-123.97,1.4766
3.4986,13.0,6.9724,1.3869,730.0,2.4744,39.19,-119.55,1.0247
3.5649,31.0,7.0748,1.1897,2112.0,2.1899,41.39,-117.74,2.1573
2.8504,7.0,4.7254,0.7902,1849.0,1.9619,35.65,-115.88,1.4884
4.6195,49.0,5.1489,0.9094,1253.0,3.2026,32.95,-123.8,1.6841
2.1588,42.0,3.3799,0.7105,472.0,2.423,37.22,-115.65,1.1999
3.2737,42.0,4.433,0.8575,984.0,3.5775,37.67,-118.73,1.2146
3.6845,36.0,6.5578,0.7978,1295.0,3.5956,34.13,-122.3,1.4197
4.3995,20.0,7.3387,0.923,1208.0,3.8617,39.7,-121.08,2.2257
4.8077,4.0,3.9188,0.7005,398.0,2.3033,41.81,-121.44,1.8656
2.1041,7.0,4.689,1.0129,672.0,3.2328,41.44,-118.91,1.3956
1.7501,1.0,5.3683,0.5574,1059.0,3.3427,34.4,-123.78,0.5374
6.2025,44.0,5.7362,1.0469,1473.0,2.5681,40.78,-122.69,2.3336
4.0533,45.0,4.4285,0.8041,328.0,2.3598,39.17,-116.05,1.3195
2.4922,42.0,5.9089,1.4689,1003.0,4.0267,36.82,-122.95,1.2982
7.0148,47.0,4.8314,0.9012,1186.0,3.0592,37.63,-121.93,2.7065
3.6768,13.0,5.3827,1.1487,1750.0,3.3452,40.54,-119.7,1.2043
5.9339,22.0,6.0555,1.241,1605.0,2.3245,37.06,-119.05,2.3366
3.598,21.0,5.4077,0.6783,1511.0,2.0465,36.06,-116.55,1.5236
8.8228,22.0,4.8763,1.1064,706.0,2.5014,37.19,-119.76,3.3257
7.6899,28.0,5.2685,1.0934,384.0,2.8132,37.99,-116.28,2.8173
3.1204,9.0,5.294,1.153,883.0,2.155,34.33,-118.02,2.0703
5.4044,26.0,4.956,1.6722,1902.0,2.8931,41.02,-123.15,2.0541
4.6665,9.0,5.0894,0.6466,2360.0,1.718,38.89,-122.71,2.0523
6.4616,15.0,7.3184,1.9054,1621.0,2.116,38.5,-119.86,2.7173
2.2609,10.0,6.0731,1.1535,1389.0,3.3696,33.49,-120.27,0.8475
4.7527,24.0,5.0454,1.0598,1351.0,3.3227,38.23,-116.75,2.2074
5.6198,42.0,6.2363,1.2373,808.0,2.6257,33.69,-118.41,2.6032
1.5818,8.0,4.9994,0.9257,1021.0,2.1876,33.29,-120.36,0.5994
2.0494,24.0,6.8077,1.2258,2746.0,2.1808,37.51,-122.57,0.5637
1.3942,16.0,5.8436,1.2361,653.0,2.6387,36.34,-122.0,1.1373
3.0918,49.0,5.2712,0.7743,2665.0,3.3512,38.08,-118.46,1.2011
4.8206,26.0,5.9373,1.3434,919.0,3.5498,33.39,-120.0,2.5863
6.8624,27.0,3.5149,0.6518,2273.0,2.5524,36.6,-119.07,2.0464
3.6087,37.0,4.0479,0.6495,506.0,2.0926,34.19,-122.57,1.5472
7.2636,4.0,3.9673,0.731,1514.0,3.0875,41.83,-117.57,3.86
1.8756,50.0,5.5715,1.3595,731.0,2.3235,37.82,-115.65,0.5501
1.6217,24.0,7.479,1.3557,504.0,2.5372,39.01,-121.68,0.7917
3.4042,19.0,8.0776,1.7169,1237.0,3.8277,35.61,-119.31,1.6104
4.1488,36.0,6.1657,1.0754,1911.0,3.479,33.44,-114.4,1.4029
3.4394,39.0,6.001,1.3594,689.0,3.0106,41.72,-120.92,1.4318
1.3766,10.0,3.2387,0.7255,481.0,2.0097,35.24,-118.26,0.5
3.3531,25.0,4.7488,1.257,1043.0,3.048,36.53,-123.38,1.2222
1.9406,18.0,4.4547,0.8636,1045.0,3.6439,38.66,-118.15,1.2798
4.7178,19.0,4.655,1.0399,1483.0,2.6371,32.78,-123.39,2.1403
4.1164,36.0,5.1982,1.0575,1849.0,3.8458,40.17,-114.56,1.7625
2.2866,10.0,4.8335,1.1859,1061.0,3.8049,37.59,-117.04,1.2607
2.7698,33.0,3.0248,0.5289,3043.0,4.0646,35.17,-116.3,0.884
2.167,50.0,6.2975,1.4237,1241.0,3.1137,33.13,-117.15,0.5
3.3933,5.0,4.1127,0.7945,906.0,3.3112,34.08,-118.31,1.2083
5.3646,47.0,5.6871,1.1246,452.0,3.8899,40.96,-119.73,2.2791
2.2399,49.0,7.8889,1.6031,949.0,3.2132,39.0,-115.59,0.5519
4.379,35.0,4.2967,0.8973,911.0,2.5491,34.9,-114.59,1.5101
2.7494,44.0,2.3637,0.5,1860.0,2.586,33.17,-119.23,0.7539
2.443,34.0,5.0568,1.0494,1414.0,3.067,39.04,-114.84,1.7156
3.3262,33.0,6.7212,1.7155,573.0,1.9966,37.93,-118.38,0.5
2.1905,21.0,7.75,1.8173,1206.0,2.7997,36.35,-118.84,0.927
2.7206,17.0,3.9245,0.9043,1587.0,3.6676,35.97,-119.69,1.7217
2.0359,22.0,5.996,1.1036,2541.0,1.3661,34.59,-122.18,0.9648
8.4497,48.0,4.8416,0.8176,1787.0,3.9741,38.84,-124.26,3.8314
3.5462,37.0,5.2729,1.2309,1666.0,3.6857,41.67,-121.85,1.5994
2.5475,15.0,8.5732,1.9775,1133.0,2.5782,34.2,-119.13,0.9199
3.8431,35.0,3.5964,0.9047,1358.0,3.2804,38.16,-120.44,0.781
3.3183,28.0,5.7045,1.0203,2180.0,2.9022,36.54,-119.75,1.4853
3.16,7.0,5.9612,1.1444,527.0,3.761,36.75,-114.35,1.0879
4.6015,32.0,6.7029,0.956,905.0,3.5879,34.94,-120.74,1.6917
4.9081,11.0,5.5176,1.0277,717.0,1.92,40.31,-119.71,2.0696
2.7491,10.0,5.7697,1.3552,1351.0,3.3111,37.11,-122.94,1.8948
2.6936,9.0,4.93,0.9055,2157.0,2.7561,37.66,-123.81,2.1289
3.084,14.0,5.723,1.2729,790.0,2.958,35.41,-116.43,1.3685
1.2388,13.0,4.9882,0.9644,295.0,2.3903,34.26,-118.51,0.5
1.765,25.0,6.1459,1.2989,874.0,4.1237,33.36,-116.58,0.5
6.4565,2.0,4.9565,0.7922,1812.0,3.628,39.26,-122.78,3.0768
7.3173,35.0,5.8525,1.188,1474.0,2.3822,34.39,-118.5,3.6355
3.1203,7.0,5.3649,0.5113,1388.0,1.9658,39.04,-121.73,1.4547
4.5242,21.0,6.7513,1.3061,940.0,2.63,36.22,-121.99,1.1832
4.0151,18.0,5.3383,0.763,543.0,3.2042,36.46,-124.18,2.0615
13.9502,3.0,3.2724,0.7926,1456.0,3.0681,36.96,-122.98,5.0
5.7766,42.0,6.9143,1.571,693.0,3.7772,36.01,-121.16,1.8575
3.2951,39.0,4.3131,0.9331,3646.0,3.4529,33.5,-123.11,1.3325
2.2705,41.0,4.6155,1.1688,1501.0,3.5787,35.46,-114.29,0.9117
1.694,49.0,4.6852,0.7814,797.0,3.1288,38.79,-121.17,0.6716
3.825,11.0,7.0493,1.841,783.0,1.9275,38.81,-122.98,1.5347
2.4834,39.0,2.8372,0.66,1042.0,2.763,35.24,-122.28,1.2996
1.8404,24.0,9.1653,1.7572,961.0,3.6421,36.87,-118.33,0.7509
2.6092,46.0,6.6673,1.5985,2027.0,2.8639,34.37,-123.65,0.5381
2.1454,19.0,5.6679,0.9141,1215.0,3.2522,34.53,-115.55,0.5
7.4575,4.0,5.3341,0.9129,733.0,2.6769,32.77,-114.54,3.5454
5.19,26.0,5.7427,1.0262,3102.0,2.1791,40.98,-121.8,2.5458
3.4778,38.0,6.0253,1.0935,1127.0,2.8137,34.53,-119.73,1.4513
6.7936,42.0,6.1743,1.0065,1674.0,3.1163,34.69,-124.08,2.7149
3.614,32.0,6.0667,1.473,785.0,2.441,35.18,-117.8,1.2809
2.3689,39.0,5.5075,1.0516,1339.0,2.735,33.75,-120.1,0.5432
6.9269,45.0,5.1632,1.0963,1301.0,2.2424,38.56,-121.56,2.7658
4.4482,46.0,5.2185,0.9395,388.0,3.6835,33.26,-122.2,1.0359
2.1886,36.0,5.1661,0.704,3322.0,2.6939,33.81,-117.66,0.5562
3.2038,40.0,6.7605,1.416,2230.0,3.9169,38.61,-120.08,1.255
2.3537,37.0,6.1123,0.8134,881.0,3.9701,35.74,-122.48,1.2426
1.8734,33.0,2.0,0.5,598.0,2.8433,39.2,-117.31,0.6809
5.2951,36.0,6.1871,0.9411,1328.0,2.1941,37.79,-118.56,2.5444
8.242,3.0,5.6337,1.5186,1150.0,1.4399,34.96,-115.58,3.9486
1.8601,9.0,5.3775,1.247,1334.0,1.8696,38.67,-123.11,1.3314
4.4967,8.0,4.9338,1.005,1218.0,1.9383,33.64,-116.33,2.0344
2.6044,33.0,6.7489,1.6483,1449.0,3.8649,37.59,-117.46,1.0742
2.8033,6.0,6.537,1.1138,2431.0,2.9811,36.66,-123.13,1.0213
2.6736,41.0,4.4725,0.9796,1499.0,3.1727,35.07,-117.25,1.2333
2.366,39.0,5.8885,1.2189,616.0,1.3457,38.23,-119.82,1.6236
3.5674,4.0,4.234,0.8859,2320.0,2.0614,40.74,-114.71,1.698
2.4014,13.0,3.7445,0.9156,2704.0,3.521,41.94,-122.86,1.8198
3.9421,49.0,4.6479,1.0487,6208.0,3.1007,38.26,-117.78,0.9693
3.4123,2.0,6.4349,1.352,591.0,2.797,36.35,-120.42,1.1832
3.1345,5.0,6.5438,0.9297,1253.0,3.2954,34.67,-114.59,1.6611
2.3201,44.0,6.0157,1.001,349.0,4.0451,34.97,-120.95,1.026
2.6925,27.0,6.2701,1.2271,1487.0,2.7453,37.06,-114.53,1.5647
4.9034,32.0,6.0194,1.2236,811.0,2.9486,36.0,-115.15,1.989
4.3728,21.0,4.6302,0.7429,3159.0,3.0348,41.14,-121.56,1.6618
2.2481,8.0,5.9183,1.6832,716.0,4.5745,36.01,-116.14,0.8507
3.6499,38.0,6.3605,1.6097,433.0,1.4305,36.06,-114.19,0.9053
4.8946,8.0,6.3051,1.3939,846.0,3.3783,36.16,-121.74,1.7859
1.6467,50.0,6.8267,1.3826,370.0,2.8196,40.41,-119.87,1.0839
4.4572,3.0,6.25,1.2036,1658.0,3.2967,38.67,-119.02,2.3381
2.5904,44.0,5.8217,0.9704,352.0,2.4398,38.32,-121.31,1.2643
4.5121,3.0,6.6842,1.355,1114.0,2.8657,35.69,-124.15,1.49
2.4757,22.0,5.3682,1.1221,350.0,3.398,40.24,-122.07,1.0545
1.5493,6.0,4.3418,0.6797,920.0,5.079,32.91,-121.44,0.5
1.678,2.0,5.2043,1.1017,2708.0,3.4656,40.74,-119.8,1.2822
3.5667,23.0,4.5061,0.8767,1337.0,2.3064,37.37,-122.56,1.3672
3.9231,44.0,4.5898,0.6115,682.0,2.6034,36.29,-115.44,1.1558
2.3235,2.0,5.2266,0.8879,1078.0,2.5826,37.22,-117.15,1.0896
4.6523,38.0,4.4491,0.8254,1108.0,1.643,38.82,-123.44,1.7994
1.6525,17.0,5.0304,1.3384,1422.0,2.6689,32.67,-117.7,1.1243
3.3881,35.0,3.1277,0.6865,517.0,3.413,40.74,-117.67,1.1301
2.0239,34.0,5.656,0.8668,1519.0,2.008,36.75,-114.59,0.5
2.603,23.0,5.4014,1.1722,248.0,3.6339,35.77,-124.27,0.5
3.5656,30.0,4.4195,0.6446,776.0,3.2414,33.85,-121.78,1.4565
2.3698,52.0,6.1911,1.4728,838.0,2.386,36.68,-114.88,0.6591
2.9357,8.0,6.5251,1.1974,1554.0,2.8009,37.22,-114.84,0.8031
5.4895,22.0,3.4709,0.6828,1110.0,4.0188,36.34,-116.99,2.6407
2.6923,44.0,4.4847,1.1051,506.0,3.4135,38.93,-116.53,1.267
5.0838,36.0,4.477,0.6937,638.0,2.9061,36.51,-123.37,2.153
2.0994,5.0,4.2721,0.6455,1223.0,2.7336,41.59,-119.08,1.5396
4.4301,13.0,6.3954,1.1484,1050.0,2.9536,38.18,-121.95,2.2695
6.6772,29.0,5.1674,1.2213,797.0,2.5418,40.14,-122.46,2.6239
1.1477,31.0,5.0826,0.7462,842.0,1.4267,33.58,-116.08,0.5
2.4385,47.0,2.9954,0.5,1608.0,4.3295,36.28,-122.93,1.2009
4.5253,16.0,6.1625,1.1352,825.0,3.0087,35.72,-119.54,2.1109
3.1856,42.0,3.9129,0.8581,1045.0,3.1787,37.9,-114.77,1.2533
4.1248,30.0,5.4719,1.3243,3617.0,2.8595,40.64,-122.41,1.5215
2.6597,16.0,5.7329,1.0536,501.0,2.3854,33.29,-114.37,1.2751
3.629,12.0,7.0328,1.3053,396.0,2.7699,33.23,-114.21,1.2511
3.2542,17.0,3.8294,0.9205,1687.0,1.7804,40.54,-118.66,1.4039
5.9032,16.0,2.0,0.5,755.0,4.494,34.55,-122.57,2.9214
3.9137,12.0,5.6206,1.0477,921.0,2.0358,38.84,-121.09,1.5819
4.063,8.0,7.5606,1.5625,714.0,2.1776,37.65,-119.99,1.3473
2.8998,20.0,6.8867,1.4856,951.0,2.5918,40.38,-121.16,1.0322
2.8027,3.0,5.6516,1.0295,2642.0,3.8017,33.73,-121.45,1.5929
2.873,16.0,4.81,0.9678,1705.0,2.9102,33.77,-114.43,1.197
4.1683,30.0,6.3685,0.7191,1762.0,2.0347,37.78,-122.74,1.8583
2.888,45.0,4.2317,0.7489,503.0,3.778,41.45,-116.86,1.0004
3.9765,23.0,5.9716,1.2891,582.0,3.4117,36.45,-124.3,1.9451
8.8811,28.0,6.0066,0.9948,230.0,3.2769,35.62,-118.25,3.4413
5.1655,51.0,6.6723,1.3482,703.0,3.401,38.25,-115.0,2.192
3.0141,40.0,8.7116,1.8786,1856.0,4.5761,41.3,-121.38,1.1461
5.9927,5.0,5.8709,1.1038,1457.0,4.4296,40.42,-122.42,2.4172
2.9048,20.0,4.7892,0.9864,971.0,2.4193,41.91,-117.69,1.1059
1.3949,40.0,5.3693,0.8929,1083.0,4.0367,32.76,-117.07,0.5
2.2175,44.0,3.2771,0.6317,751.0,3.1682,33.61,-117.32,0.7071
1.504,1.0,4.5663,1.0108,1227.0,3.2494,38.28,-121.06,0.8502
2.9797,30.0,4.9089,1.0087,1671.0,1.7154,40.26,-121.74,0.5
3.5194,21.0,4.7711,0.8563,451.0,2.7807,35.23,-114.6,1.13
7.4216,20.0,5.5828,1.1604,1293.0,2.331,34.8,-114.93,2.9254
4.0435,6.0,4.4131,0.993,1831.0,3.4796,39.95,-119.66,2.3385
3.1626,22.0,6.7452,0.8651,873.0,3.6498,33.08,-115.71,0.9254
5.0695,18.0,5.4002,1.2991,1612.0,1.4479,36.02,-119.71,2.2265
1.2904,8.0,5.3888,1.0143,5157.0,2.8846,37.3,-119.99,1.1407
3.8807,39.0,5.0065,1.0759,1035.0,3.6853,37.82,-122.71,1.1799
4.9376,32.0,5.5862,1.3513,1361.0,2.7693,39.4,-119.97,2.2544
1.7943,33.0,6.3901,0.9712,731.0,3.4103,35.89,-118.85,0.5
5.8398,16.0,4.3594,0.7636,1212.0,3.1458,38.31,-124.07,2.4101
4.0646,12.0,4.6103,0.8755,1413.0,3.1392,38.05,-119.79,1.5072
2.8954,38.0,5.0355,0.869,1221.0,2.7101,37.7,-116.37,0.9066
4.6402,52.0,3.785,0.9868,626.0,2.0484,38.57,-117.4,2.7753
9.697,34.0,4.4169,0.7509,1228.0,2.1149,34.99,-117.85,4.2895
3.788,14.0,4.8285,0.8718,2451.0,3.3965,33.35,-115.07,1.8806
3.9028,36.0,6.4493,1.336,1404.0,2.9136,33.67,-124.12,1.8232
2.8385,33.0,5.7151,0.9026,1861.0,2.803,34.66,-118.65,0.5902
2.3811,23.0,5.6323,1.0485,963.0,2.6033,37.25,-116.31,1.1519
5.0716,50.0,6.4211,1.3556,1656.0,2.6864,40.45,-118.81,2.5153
2.3744,45.0,5.2352,0.986,1279.0,3.6328,39.14,-121.01,0.701
3.6046,2.0,5.8686,1.1545,650.0,2.6653,39.97,-122.92,2.1071
2.8153,41.0,5.2761,0.9575,1307.0,1.9613,35.85,-115.29,1.3246
4.3299,21.0,5.7184,0.8406,636.0,3.4206,36.35,-119.52,2.5301
4.0558,2.0,4.7007,0.993,774.0,2.7566,36.25,-115.39,1.583
5.5672,27.0,2.4734,0.6466,1217.0,2.922,34.35,-118.35,1.807
2.7746,9.0,5.2389,1.0511,1291.0,4.0253,33.13,-117.46,1.0005
3.0912,1.0,7.1073,1.4775,570.0,2.8856,38.1,-116.14,1.9485
2.2469,11.0,6.5115,1.4602,1958.0,3.1024,41.85,-117.61,0.5
2.8578,3.0,6.5585,1.0203,1502.0,2.0748,34.12,-120.26,0.613
4.1362,52.0,6.8834,1.7868,744.0,2.7462,32.99,-119.09,1.6197
4.9069,23.0,5.5064,1.1403,471.0,3.3267,39.88,-116.15,1.9507
2.3049,26.0,5.6368,1.4493,1013.0,1.8112,34.92,-120.51,0.9683
5.162,4.0,4.6588,0.8122,858.0,3.0406,40.35,-120.36,2.6808
6.424,18.0,5.0207,1.3236,1167.0,2.9706,39.17,-123.33,2.6248
4.204,6.0,6.1389,1.3943,898.0,2.9289,41.44,-115.02,1.247
8.1219,35.0,6.8447,1.5014,364.0,3.626,36.39,-123.38,4.1901
2.464,22.0,5.2327,1.0894,886.0,3.1341,38.77,-117.72,0.7266
1.9935,43.0,4.8598,0.9297,927.0,3.9347,36.92,-120.11,0.5
1.5676,15.0,5.4006,1.3071,1554.0,2.2045,38.48,-120.18,1.1419
6.843,22.0,6.1214,1.2544,747.0,2.9951,36.78,-117.4,2.7658
4.6855,37.0,3.6674,0.5,2761.0,2.9591,34.32,-123.62,1.8865
3.4041,52.0,2.6446,0.5,383.0,2.1515,37.32,-118.27,1.4492
3.959,42.0,4.7394,0.917,2256.0,3.5694,37.52,-116.46,1.9302
2.1033,12.0,3.9351,0.8297,969.0,4.5273,40.17,-115.89,0.7886
10.4917,47.0,4.7902,0.9486,1759.0,2.8881,39.46,-122.57,4.9521
3.6993,49.0,5.2227,1.2674,1146.0,3.2535,38.79,-115.19,0.6822
3.6665,42.0,4.8561,0.6396,2052.0,2.9592,33.62,-117.64,1.6722
4.8385,38.0,7.143,1.4645,886.0,2.4005,39.32,-115.35,1.7574
4.3338,18.0,5.7921,0.7899,599.0,1.6255,37.25,-119.37,2.4263
3.8603,45.0,5.7606,1.3053,2395.0,2.406,40.95,-118.8,1.6819
2.4456,35.0,6.1466,1.209,1030.0,1.9256,41.2,-114.97,0.8358
4.3153,30.0,4.0334,0.8659,1239.0,4.0929,33.07,-115.17,1.8467
8.141,24.0,6.6469,1.1284,2163.0,2.8194,40.26,-119.75,3.8773
6.3945,42.0,5.3091,1.2996,622.0,2.6579,32.9,-121.51,2.807
7.1487,30.0,6.2046,1.4671,1522.0,3.5224,36.0,-120.31,2.6355
2.7731,14.0,4.1138,0.9068,793.0,2.1148,37.65,-120.36,1.0656
2.236,6.0,3.5355,0.6911,1020.0,2.3632,33.94,-121.39,0.9665
3.2983,3.0,6.3815,1.4058,1141.0,2.9477,39.57,-121.57,1.5878
3.579,16.0,5.8517,1.0256,481.0,3.6201,32.63,-115.56,1.7047
5.711,7.0,4.3175,0.9928,715.0,3.2512,34.13,-123.59,1.7559
1.6297,52.0,4.3564,1.1228,2306.0,3.0738,38.01,-117.42,0.6471
6.9469,14.0,6.7505,1.6031,1785.0,2.9547,39.27,-122.55,2.9921
3.2508,9.0,3.9727,0.6931,1059.0,3.1802,41.17,-120.8,1.2313
2.8803,15.0,7.3712,1.5675,1254.0,3.0412,39.18,-123.68,1.1718
2.2135,21.0,4.3193,0.6684,933.0,2.179,38.86,-121.56,0.9651
1.6575,35.0,6.1661,1.3567,2313.0,2.9323,36.26,-116.5,0.5
5.0552,2.0,5.0057,1.0801,982.0,2.1484,32.56,-115.32,1.8426
3.6074,27.0,6.1238,0.824,1246.0,2.9568,33.68,-122.05,1.2528
1.9533,2.0,4.7471,0.7564,2060.0,2.5635,37.57,-119.59,1.1333
1.9488,35.0,5.2046,0.9894,715.0,4.6776,38.9,-119.53,0.5401
3.0009,18.0,5.4491,1.0324,2585.0,2.8721,36.47,-115.43,1.1627
7.3969,14.0,4.1974,0.6618,473.0,1.917,39.42,-116.56,3.7247
3.1055,20.0,6.289,1.3434,2687.0,2.8061,37.46,-119.09,1.7094
1.7746,18.0,4.7841,0.9989,893.0,3.2636,33.25,-117.49,0.9889
3.1249,10.0,5.1257,0.9903,960.0,4.0714,34.35,-115.7,1.0959
3.0872,25.0,4.2068,0.7301,388.0,2.4874,40.45,-124.2,1.6434
1.0371,2.0,2.3252,0.5504,854.0,1.7923,39.36,-120.21,0.5
3.4061,25.0,5.1708,1.3337,619.0,3.4718,40.96,-115.09,1.3702
3.1458,33.0,8.2951,1.5186,785.0,1.9336,33.66,-116.79,1.4675
4.7745,36.0,6.3415,1.1324,1017.0,2.5947,41.86,-118.79,1.912
8.0207,31.0,5.3769,1.1678,1857.0,2.7197,34.52,-118.92,3.8257
5.7948,14.0,5.0845,0.9532,1229.0,2.8513,32.66,-120.77,2.379
3.0926,1.0,5.427,1.0589,1299.0,3.3824,41.93,-119.02,1.7258
2.1214,46.0,6.0565,1.3681,600.0,2.4215,35.19,-117.65,1.3008
11.1118,16.0,3.983,0.5304,676.0,2.7084,38.83,-120.05,5.0
3.5846,46.0,6.7372,1.6583,2949.0,2.89,34.21,-117.05,0.8611
3.5123,52.0,6.2585,1.2676,732.0,3.0047,38.0,-115.56,1.5392
3.4527,3.0,6.2618,1.1622,2727.0,2.9685,41.05,-122.73,2.0098
3.8158,35.0,5.9262,1.1667,959.0,3.2052,35.56,-119.72,1.8924
3.2708,41.0,5.4235,1.0776,1098.0,3.4907,38.85,-120.16,0.989
2.6962,6.0,6.2074,0.8654,1976.0,3.1748,34.32,-117.32,0.9623
2.7289,25.0,6.1102,1.5417,2207.0,3.2175,38.42,-121.76,1.5655
3.4393,13.0,4.9752,1.0022,1032.0,1.7924,35.71,-117.8,1.2087
2.7332,34.0,4.7117,1.0154,886.0,2.9352,34.54,-115.39,0.9016
2.5325,8.0,5.5222,1.2884,1063.0,3.2357,35.49,-120.06,1.6752
3.6616,21.0,7.2588,1.1923,1321.0,3.4103,34.23,-115.05,1.5095
3.112,34.0,3.9131,0.8475,1790.0,2.4154,41.03,-114.22,0.9997
6.8675,4.0,3.639,0.6937,1099.0,2.4387,36.28,-123.22,2.6909
1.0587,25.0,5.5977,1.2854,1541.0,2.4981,34.86,-121.93,0.5784
5.7041,15.0,5.4611,0.6856,2700.0,3.2755,36.77,-114.65,1.934
6.115,4.0,5.608,1.1022,1353.0,3.6237,35.56,-114.57,2.4869
1.373,45.0,5.6927,1.0184,1302.0,2.6148,39.55,-123.31,0.7713
2.9915,12.0,5.1322,1.1041,476.0,3.5356,41.68,-124.15,1.9388
2.9531,32.0,7.1878,1.5558,258.0,2.9864,36.67,-122.66,1.5659
1.8527,32.0,3.4789,0.6096,1358.0,2.813,40.64,-114.19,0.5
2.4596,28.0,4.4058,0.7713,1041.0,2.752,37.87,-122.47,1.5078
2.1175,13.0,5.2761,1.0348,826.0,3.4226,34.03,-119.2,0.7911
7.6792,31.0,3.4282,0.5781,1254.0,3.1279,39.04,-115.69,2.7285
5.3178,14.0,5.189,1.1907,1061.0,4.4931,37.38,-124.09,2.2814
6.1855,20.0,7.3938,1.3832,2039.0,2.3034,38.67,-118.16,3.2291
4.8295,18.0,5.4251,0.533,1150.0,3.2627,40.91,-121.49,2.2909
2.1,29.0,5.6768,1.0609,727.0,2.5296,36.69,-115.55,0.8578
2.7565,6.0,3.8878,0.6362,1890.0,2.2915,41.02,-121.42,1.9143
4.3502,32.0,4.6604,0.666,973.0,2.8924,39.61,-117.33,1.3485
2.0138,29.0,4.9498,0.7756,1465.0,2.9961,37.14,-117.46,0.5
4.8107,43.0,5.0187,1.023,843.0,4.9427,38.22,-122.05,1.4346
3.1326,2.0,6.938,1.7102,767.0,2.7711,35.61,-123.95,1.6307
2.9486,23.0,6.0692,1.2804,1149.0,2.1089,41.8,-120.15,1.4654
4.8063,19.0,4.0663,0.7269,1104.0,3.0911,38.82,-121.36,2.642
4.2628,31.0,5.6958,1.23,1428.0,1.4478,32.96,-116.09,1.7691
2.967,51.0,5.9979,1.1032,946.0,2.8356,35.62,-116.18,0.9804
5.8808,5.0,6.7682,1.1891,399.0,2.9112,38.41,-119.66,2.6705
2.1458,19.0,7.2966,1.1645,864.0,3.4562,33.08,-118.14,0.9699
4.6051,34.0,4.1819,0.58,1697.0,3.5815,32.77,-118.17,1.2071
4.5581,10.0,4.427,0.825,931.0,2.5475,36.78,-115.9,2.8779
3.0365,25.0,3.8909,0.7997,958.0,2.7946,35.68,-119.99,1.4252
4.0421,2.0,5.1192,1.0065,1887.0,2.3637,36.67,-121.5,1.9097
1.9877,11.0,5.9596,1.1052,741.0,2.1104,35.02,-121.61,1.1664
5.29,50.0,6.5848,1.099,469.0,3.1169,34.1,-118.86,2.3869
3.2117,31.0,5.3089,1.1748,1004.0,2.0085,39.03,-119.74,1.3521
2.7587,15.0,5.0162,0.772,840.0,2.6098,37.39,-119.83,1.0344
5.596,9.0,5.5821,1.268,645.0,2.2034,34.43,-123.37,2.6686
2.5422,23.0,4.3978,0.7253,996.0,3.2848,35.55,-117.01,1.1526
1.8519,19.0,7.9074,1.3732,1437.0,4.161,38.11,-122.13,0.6767
1.7324,9.0,3.4708,0.516,1091.0,1.9889,33.23,-122.3,1.2565
4.5846,35.0,5.6217,1.0257,1298.0,1.6029,33.94,-120.11,1.9975
1.9617,21.0,7.8283,1.8329,2973.0,2.8126,33.24,-121.99,1.1187
7.688,9.0,5.4082,1.1792,908.0,2.911,40.19,-118.37,3.8507
1.3677,28.0,5.172,1.2115,1278.0,3.0531,39.62,-120.53,0.6427
7.4888,46.0,4.9711,1.0851,829.0,2.5876,39.63,-119.74,3.2458
3.838,51.0,5.1835,0.8365,688.0,2.7596,39.28,-118.85,1.8729
3.3417,7.0,7.0474,1.3279,795.0,3.1573,38.84,-122.23,1.3828
2.7313,16.0,2.7458,0.5,843.0,3.6283,37.03,-122.72,1.1992
4.1771,16.0,7.2401,1.7852,1336.0,1.5315,38.59,-115.36,1.8782
3.4317,33.0,3.6913,0.5836,3992.0,2.6417,32.91,-119.9,0.9663
5.7344,4.0,5.08,1.1749,740.0,3.0497,38.39,-120.12,3.3497
3.6744,4.0,4.8849,1.1297,872.0,2.2574,39.86,-123.94,1.2729
3.7346,39.0,6.1063,1.6123,1059.0,4.1118,37.25,-119.25,1.0605
2.9635,40.0,3.4823,0.6465,1363.0,2.4552,35.91,-118.68,1.5925
3.402,17.0,5.9546,1.3394,1268.0,2.8711,35.16,-118.63,1.6931
4.0089,37.0,7.8292,2.0,2222.0,3.2892,38.59,-117.12,1.3211
1.6168,39.0,3.7642,0.6715,289.0,2.4861,39.06,-122.5,0.9248
1.9028,52.0,5.6276,0.8232,295.0,1.6074,40.74,-121.74,1.4011
4.8767,29.0,4.6056,0.6181,835.0,2.5999,35.77,-116.07,1.9835
3.7693,52.0,5.9111,1.3297,2005.0,3.6206,39.79,-114.69,2.381
3.213,36.0,5.423,0.7272,464.0,2.6642,37.83,-122.92,0.8386
3.5194,38.0,4.6302,0.8657,210.0,2.3075,40.85,-119.25,1.7721
4.0813,39.0,5.9854,1.2887,1501.0,3.548,37.51,-122.13,2.1416
2.7377,50.0,7.5652,1.5621,1254.0,2.6685,37.42,-123.69,1.5234
2.459,37.0,5.1709,1.1112,602.0,2.5429,37.98,-121.0,0.9825
3.8119,52.0,6.2637,1.3015,638.0,3.0046,39.59,-122.84,1.5471
2.2473,35.0,3.8481,0.9419,643.0,3.4395,41.62,-117.09,1.0829
4.1942,7.0,4.2523,0.7087,1165.0,4.5672,33.24,-118.88,2.0167
1.6223,27.0,5.9669,1.052,777.0,3.4791,33.05,-122.84,0.9073
5.5462,28.0,7.1809,1.242,1439.0,3.7119,41.36,-124.21,2.9205
4.3175,22.0,5.8267,1.3347,228.0,2.5458,37.53,-116.1,1.4708
3.9166,14.0,5.0243,1.1632,685.0,2.1819,38.33,-122.51,1.702
5.4315,7.0,5.3991,1.1651,590.0,2.9436,37.08,-118.15,2.0328
7.3851,37.0,3.8995,0.9414,952.0,2.975,33.43,-120.88,2.8414
5.5095,22.0,6.1254,0.9725,816.0,2.145,39.77,-118.36,2.8046
1.5244,5.0,6.4588,1.6686,1701.0,2.7773,39.57,-121.1,0.8595
1.9624,2.0,4.8575,1.2305,394.0,3.1795,35.48,-123.42,1.853
2.6349,27.0,4.8359,1.0917,1124.0,3.1523,35.43,-122.04,1.1722
3.5316,21.0,5.7191,1.5005,1491.0,3.253,40.43,-122.39,1.6331
4.4059,38.0,4.8759,0.6925,3045.0,3.1037,33.23,-119.96,1.7816
2.5179,15.0,5.3206,0.9665,841.0,2.5451,40.83,-117.62,0.9657
3.7964,21.0,7.9197,1.3801,1311.0,2.5403,34.96,-121.62,1.7036
2.4845,10.0,5.1036,1.1496,407.0,2.0607,38.12,-124.18,1.6211
2.6507,23.0,4.97,0.8113,294.0,4.1493,41.35,-119.03,1.2622
1.8534,39.0,4.6229,1.0472,1745.0,2.9094,38.92,-118.15,0.5
2.3038,5.0,6.293,1.5605,1093.0,2.7426,36.45,-114.53,0.6719
1.8998,1.0,5.1825,1.1626,2097.0,2.2498,39.03,-118.32,0.7722
2.2498,13.0,4.6208,0.97,515.0,4.955,35.78,-119.52,0.9731
5.6077,21.0,6.9856,1.1556,1460.0,2.1487,35.16,-118.48,2.8394
2.2768,26.0,7.1035,1.2102,3065.0,2.5998,41.92,-114.88,0.5929
11.4109,50.0,4.6795,1.1406,1381.0,3.1911,39.61,-115.89,4.5638
4.3579,45.0,3.1602,0.7182,1277.0,3.3201,38.61,-121.02,1.8055
3.7931,21.0,6.609,1.3128,1102.0,3.5706,35.89,-121.89,1.0363
2.372,18.0,4.5784,0.8487,462.0,4.1653,33.01,-121.63,0.6833
4.7833,37.0,6.3488,0.8196,2311.0,3.2543,32.84,-119.18,1.7108
2.6938,45.0,3.0359,0.5,784.0,2.1608,37.76,-116.75,0.7306
3.6873,32.0,6.4711,1.7271,1447.0,2.7201,39.71,-119.19,1.6627
11.0457,36.0,3.9466,0.6124,464.0,3.1155,37.6,-123.61,4.6174
3.3427,17.0,6.2769,1.297,573.0,4.3478,40.45,-116.96,1.3077
5.8543,35.0,5.4171,1.2744,2415.0,1.9215,32.86,-116.12,2.4515
2.5436,49.0,4.2553,0.6642,906.0,3.7418,36.0,-121.36,1.5839
3.4358,11.0,4.9116,1.0141,2439.0,3.0259,34.78,-117.56,1.9969
7.7436,21.0,6.2236,1.449,1050.0,3.4865,36.75,-119.97,2.6263
2.6323,52.0,5.5271,1.1078,398.0,2.8286,33.23,-115.28,1.102
7.89,26.0,6.1013,1.8328,1791.0,2.3103,41.52,-115.72,3.2841
4.7994,4.0,7.7717,1.1005,793.0,3.4256,34.65,-118.97,2.2289
2.7098,34.0,3.5229,0.8351,1610.0,3.3581,41.22,-117.28,0.9666
4.6394,52.0,7.3407,1.4237,1112.0,3.5804,36.55,-115.33,1.8894
5.4068,48.0,5.5252,1.2543,469.0,2.8907,41.81,-119.27,2.3524
4.6173,18.0,4.3215,0.931,1200.0,2.4801,37.76,-121.12,1.8024
1.7218,40.0,3.8036,0.6631,3670.0,1.8088,41.3,-116.65,0.5
2.5163,35.0,5.1731,1.0761,1438.0,3.4736,32.6,-122.07,0.818
3.1224,41.0,6.506,0.8781,1062.0,3.1967,39.58,-120.36,1.4854
3.3754,29.0,5.2469,1.1602,1981.0,2.224,41.04,-115.51,1.6499
4.615,52.0,7.2134,1.518,1231.0,2.523,33.86,-116.95,2.1084
3.7809,29.0,3.6586,0.8135,1231.0,2.5733,33.45,-120.2,1.3148
1.9138,38.0,5.3855,1.2765,602.0,1.8619,36.54,-122.12,0.915
4.1416,42.0,3.8971,0.8296,1247.0,2.3276,41.33,-120.69,2.1018
4.5941,21.0,5.8364,1.1975,1938.0,2.1063,37.65,-121.42,2.4385
4.4902,42.0,6.4643,1.0935,692.0,2.6113,37.51,-122.51,1.9375
5.6766,13.0,4.8951,0.857,2401.0,2.3829,33.88,-116.76,2.2707
5.0798,49.0,2.2749,0.5495,1043.0,1.7611,32.56,-121.74,1.9982
4.2915,41.0,5.6387,1.4112,673.0,4.3158,40.17,-119.69,1.3991
3.3819,17.0,5.9241,1.1354,1898.0,3.7768,33.37,-120.38,1.3529
1.653,9.0,5.8852,1.1865,937.0,2.3547,38.51,-114.33,1.0242
4.2348,41.0,6.8829,1.1587,1665.0,3.0907,41.15,-120.33,2.1162
3.8323,1.0,4.1147,0.9918,934.0,3.1922,34.51,-123.49,1.5971
3.9441,2.0,6.2163,1.388,1061.0,3.7338,38.8,-123.39,1.9487
1.9649,48.0,6.831,1.8303,1439.0,2.327,33.29,-118.3,0.5
2.1458,29.0,3.2657,0.5527,1287.0,3.6645,38.23,-118.22,1.0991
5.6065,33.0,5.7836,1.0802,366.0,2.5165,34.09,-120.05,2.3055
3.4288,10.0,4.795,0.9978,592.0,1.9649,39.47,-119.92,1.4872
4.743,50.0,5.3022,1.1804,1828.0,3.4069,35.38,-123.75,1.7992
3.5351,40.0,5.8172,1.1195,1020.0,3.8035,36.91,-119.06,1.4267
3.5374,21.0,4.8153,0.8159,822.0,4.7115,38.18,-119.18,1.3638
5.324,28.0,4.5892,1.0594,519.0,2.0602,34.16,-122.78,2.46
2.767,11.0,5.441,1.2255,606.0,3.3892,39.52,-123.25,1.2038
3.6446,34.0,4.0953,0.6877,361.0,2.6131,35.39,-123.05,2.0873
2.8348,8.0,4.097,1.0138,1037.0,3.4484,38.78,-123.27,1.8323
2.8705,22.0,6.2152,1.4976,789.0,1.8707,34.04,-118.11,0.8769
3.037,8.0,4.0214,0.8232,644.0,2.0161,39.02,-122.31,1.4563
3.8573,49.0,6.1996,1.2572,1056.0,2.3569,33.75,-121.75,1.3251
2.8139,15.0,5.9551,1.3065,1340.0,2.9553,36.55,-122.54,1.1773
6.1416,17.0,3.329,0.5654,3468.0,2.4512,34.87,-114.58,3.1566
2.3336,23.0,4.5869,0.9222,477.0,3.3613,39.58,-115.63,0.879
3.2088,24.0,6.8329,0.8518,2075.0,3.6188,35.01,-121.96,1.5668
2.8637,45.0,4.2226,0.9741,1873.0,3.3197,40.84,-120.98,1.3822
6.6935,19.0,4.8427,0.7039,714.0,4.0332,40.93,-122.17,2.6252
3.8131,5.0,5.9545,1.5042,1226.0,3.1911,34.4,-119.31,1.3423
5.553,32.0,6.3401,1.1948,853.0,2.0482,38.32,-124.1,2.0555
1.7887,44.0,5.0982,0.9819,1215.0,3.8544,33.37,-117.49,0.5
3.936,1.0,4.683,0.8337,2515.0,2.4764,36.23,-118.99,0.7378
5.2087,23.0,7.1068,1.3497,1530.0,3.5373,39.26,-115.18,2.4375
3.622,37.0,7.4867,1.869,1451.0,4.0016,38.75,-122.63,2.3145
5.6376,8.0,6.5746,0.7425,866.0,3.2197,38.42,-116.14,2.5726
2.7655,13.0,5.5024,1.3464,485.0,1.8527,35.21,-116.26,0.6641
6.5811,8.0,4.4301,0.9384,978.0,2.2573,36.1,-123.01,2.65
9.8208,23.0,4.4035,0.6947,2129.0,3.8259,33.52,-120.25,3.9052
2.9645,43.0,6.027,0.9786,473.0,2.7816,39.31,-122.57,0.9832
2.8563,1.0,5.9021,1.5267,614.0,2.9557,37.29,-121.71,1.6561
6.7128,45.0,7.0819,1.182,1175.0,3.4312,39.21,-121.63,3.1876
7.1051,51.0,6.1805,0.9866,638.0,3.3874,34.89,-118.65,2.4903
2.7586,24.0,3.5963,0.8624,709.0,3.0952,35.6,-120.12,1.3646
2.889,35.0,6.6623,1.4114,869.0,2.7539,35.69,-114.68,1.6737
3.0747,24.0,4.2023,0.7025,517.0,2.6811,32.79,-123.02,1.9449
1.906,17.0,4.9392,1.0253,642.0,3.5005,35.76,-114.42,1.743
2.3085,5.0,5.7002,0.9354,1615.0,3.2875,40.1,-121.96,0.8765
2.2214,20.0,7.7948,1.8593,534.0,2.7199,40.98,-116.46,2.0589
2.4707,21.0,9.1319,2.0,455.0,3.6575,37.42,-120.86,1.0775
3.4363,40.0,6.1281,1.3397,775.0,2.8097,36.83,-122.85,1.2689
3.8783,31.0,5.1802,1.1016,1640.0,2.3038,32.84,-115.59,1.5991
7.0127,46.0,6.0414,1.5807,984.0,2.3687,40.81,-121.17,2.7864
2.2272,36.0,6.4652,1.293,849.0,2.2149,32.67,-117.61,0.9895
5.4355,11.0,5.0152,0.7956,1124.0,2.7093,41.43,-118.55,1.9889
3.1699,52.0,7.5543,1.6297,420.0,3.7636,37.15,-119.51,1.2194
3.4135,15.0,5.6761,1.5496,1440.0,2.3364,35.76,-119.27,1.9049
4.7288,19.0,5.9973,0.9865,1354.0,3.0319,41.24,-116.87,2.0948
2.106,7.0,6.1991,1.1614,876.0,2.4403,32.78,-123.41,1.0485
4.1458,51.0,5.9059,1.2673,1907.0,2.7178,38.02,-117.52,1.8262
3.7618,28.0,6.4067,1.2693,590.0,1.843,37.71,-115.21,2.0082
4.3562,51.0,4.6593,0.7717,2039.0,2.7456,34.61,-123.71,1.1756
3.9754,43.0,4.73,1.1317,1194.0,2.7644,36.58,-122.87,1.8409
10.5369,5.0,4.0798,1.1472,911.0,3.2782,38.68,-117.03,4.3692
2.6196,5.0,5.9274,1.2262,1085.0,3.0563,39.39,-119.86,1.3311
2.7485,30.0,6.3347,1.0665,1034.0,2.0611,32.56,-120.2,1.513
2.6369,32.0,5.9493,0.8673,2146.0,3.6589,41.36,-122.91,0.8493
2.7184,8.0,7.4094,1.5488,607.0,3.0472,34.1,-119.16,0.8773
2.62,10.0,5.3933,1.287,721.0,3.0389,34.75,-123.02,0.5051
5.9599,38.0,6.2025,1.3437,1939.0,2.8936,35.03,-119.46,2.2553
6.6143,47.0,4.09,0.8176,790.0,2.5376,32.91,-116.55,3.0297
2.6998,32.0,4.9355,0.8853,1800.0,3.0525,33.71,-121.68,1.0455
2.3999,48.0,6.2346,1.0086,2792.0,3.2329,41.82,-119.42,0.5931
4.3152,28.0,6.4189,1.4713,879.0,1.6772,35.51,-114.23,1.5863
2.7224,17.0,5.0472,1.1709,1595.0,2.5229,33.63,-117.33,0.5619
4.6405,31.0,5.3141,0.7753,581.0,2.7215,33.56,-115.76,1.4642
3.8241,8.0,3.5786,0.9148,1661.0,3.0793,39.31,-120.09,1.8178
1.7646,40.0,4.9716,1.0942,1224.0,3.7353,40.58,-116.51,0.5
7.0033,25.0,6.4685,1.6106,1422.0,2.3598,34.97,-123.89,3.396
7.8314,9.0,6.0902,0.932,769.0,2.5514,32.75,-123.05,3.3776
2.6492,2.0,6.0008,0.9133,440.0,2.5412,34.65,-122.24,1.3106
2.9316,15.0,5.4597,1.0635,1446.0,2.3389,33.08,-120.22,1.1448
3.9695,50.0,5.4085,1.1769,353.0,2.657,33.52,-115.72,1.7447
4.0573,3.0,4.6076,1.2112,921.0,3.4396,36.61,-120.79,2.0547
4.6943,49.0,6.2386,1.4019,1840.0,2.1623,34.71,-117.66,1.9647
8.6244,36.0,5.9052,1.1309,1219.0,3.1995,37.4,-117.1,3.7905
3.2232,4.0,5.9904,0.9829,3202.0,1.7087,34.93,-118.35,1.3657
2.437,14.0,4.7688,1.159,1927.0,2.5071,41.39,-120.67,1.3552
1.8763,41.0,2.816,0.5,765.0,2.6694,41.07,-118.44,0.6378
2.512,41.0,6.7166,1.7261,1113.0,4.0724,37.88,-120.83,1.0487
3.4387,25.0,4.8254,0.917,1068.0,2.7076,35.88,-123.45,1.405
7.8268,50.0,4.3647,1.1159,459.0,1.3591,36.13,-114.22,2.9404
2.7651,10.0,6.2322,1.3945,654.0,1.5008,36.42,-123.01,1.0886
3.8601,21.0,4.9296,0.9623,806.0,2.9238,39.39,-123.57,1.9302
3.4646,36.0,6.6719,1.2131,358.0,3.3296,36.8,-115.38,1.8812
5.9583,12.0,6.1404,1.1548,1126.0,3.1628,40.6,-121.24,3.1152
10.8821,27.0,6.2203,1.3373,956.0,3.0173,41.42,-117.7,4.2298
2.7486,40.0,3.7609,0.7623,437.0,3.7136,35.71,-120.96,1.5174
2.8004,2.0,6.8543,1.2284,1370.0,2.5223,37.82,-120.33,1.2718
5.5838,13.0,5.7135,1.1096,1626.0,3.5264,33.44,-121.64,2.5911
4.7439,32.0,4.9569,1.005,1242.0,1.7576,34.43,-120.82,1.6471
8.0126,31.0,5.5721,0.6993,918.0,2.2665,36.44,-120.13,3.4683
4.5393,16.0,3.2685,0.7061,1518.0,1.6351,34.49,-116.99,1.9428
2.9693,32.0,5.8904,0.9761,1594.0,2.7076,40.79,-119.11,0.8273
4.553,32.0,4.1648,0.6648,1299.0,2.8676,34.04,-114.72,1.972
5.7484,34.0,3.7768,0.5323,697.0,2.9799,36.83,-123.87,2.9149
5.0491,11.0,3.5732,0.5,1277.0,2.9433,38.24,-119.19,2.1272
4.3854,10.0,6.7352,1.0275,2116.0,2.2507,39.05,-118.37,2.4955
5.6407,15.0,4.6449,0.8137,790.0,2.7668,36.15,-114.96,2.2796
5.9073,17.0,7.2405,1.9431,3477.0,1.8518,40.72,-123.8,2.9846
6.5011,40.0,4.757,0.8639,821.0,3.8543,37.89,-118.48,1.9029
4.6736,18.0,3.3512,0.6911,1116.0,2.6875,36.68,-115.64,2.7447
3.2375,9.0,4.0602,0.8689,758.0,2.5578,33.18,-121.84,1.9007
3.7286,25.0,6.883,1.4082,1240.0,4.0123,36.92,-115.41,1.4553
6.007,40.0,5.2129,1.0285,421.0,2.0304,40.26,-124.11,1.9523
2.4166,14.0,4.7421,0.75,812.0,2.1121,38.33,-116.87,1.1879
4.1202,25.0,5.592,1.4024,601.0,2.1326,40.37,-114.83,1.2514
2.9241,50.0,6.0021,1.5801,1181.0,2.8525,37.19,-117.63,1.2762
3.5358,22.0,6.7409,0.9512,1895.0,3.2021,33.66,-119.84,1.6673
6.2047,52.0,7.1382,1.1718,1564.0,3.4178,32.68,-123.84,2.2353
3.8038,30.0,4.9683,0.945,298.0,4.7004,35.4,-114.96,1.8718
3.564,20.0,3.8087,0.6332,3372.0,1.3254,39.11,-119.53,1.8361
1.8928,21.0,4.9038,1.0676,1290.0,3.3261,39.98,-124.01,1.2796
4.8833,44.0,5.7123,0.9969,715.0,2.51,35.33,-117.3,1.9716
4.6668,32.0,4.2435,1.1703,1196.0,2.4895,37.21,-119.41,1.415
9.2393,51.0,4.2514,1.0274,1208.0,2.4662,36.51,-123.04,4.1495
3.0389,46.0,5.8125,1.2058,760.0,2.2639,36.41,-122.13,1.1763
3.8521,49.0,5.3416,1.2603,1223.0,4.0792,34.72,-123.65,1.0458
3.9049,21.0,5.4394,1.2984,785.0,3.4896,33.83,-118.47,2.0587
7.0983,35.0,4.4898,0.8093,878.0,2.9162,34.4,-117.99,3.6136
3.3438,32.0,5.1235,0.8783,752.0,3.8457,33.07,-119.17,1.301
3.9573,30.0,4.2909,0.8699,499.0,1.8412,34.41,-116.01,2.312
4.5885,39.0,6.4682,1.4887,1188.0,1.9685,32.64,-115.56,1.8148
3.7961,49.0,6.6423,1.3608,1513.0,1.3754,38.45,-118.05,1.4542
2.8551,12.0,3.1846,0.5,1456.0,2.4104,35.52,-124.17,1.0511
3.8089,41.0,4.2846,0.7365,1722.0,3.0132,41.7,-117.24,2.1678
5.6584,47.0,3.6042,0.7115,1311.0,2.972,34.37,-120.06,1.9463
2.1991,18.0,4.62,0.9118,818.0,3.0045,35.8,-118.56,1.1801
3.7056,21.0,5.2999,1.4259,1740.0,1.9123,35.91,-117.71,1.3339
2.5471,13.0,3.6604,0.5545,520.0,3.4622,32.63,-120.75,0.8787
5.9761,21.0,4.2938,0.9347,668.0,3.0677,40.44,-114.99,2.8809
1.7587,8.0,4.1953,1.0577,645.0,3.4131,32.85,-122.94,0.6163
2.7142,46.0,5.6487,1.5788,1986.0,1.5751,41.39,-117.48,0.9837
4.1361,40.0,5.4832,1.019,1842.0,3.118,40.94,-124.26,2.2512
7.0603,46.0,4.5339,0.9848,1434.0,2.0686,37.58,-114.91,3.3907
3.3886,7.0,5.6122,1.2344,1977.0,2.6219,37.66,-123.16,1.8111
2.7187,23.0,4.744,0.9813,676.0,3.2741,38.7,-123.34,1.0188
8.1378,44.0,5.074,0.9972,1328.0,2.9638,36.19,-120.92,3.1865
1.8192,32.0,7.4081,1.5947,1024.0,2.3039,38.63,-120.51,0.9003
1.2976,11.0,7.0086,0.7806,1747.0,2.9044,32.97,-122.12,0.7915
4.2546,22.0,3.8405,0.8598,1029.0,1.8279,33.06,-118.36,1.3511
2.7845,22.0,6.3957,1.3074,887.0,3.7052,36.85,-119.8,1.4824
2.2044,43.0,6.3737,1.2251,1477.0,2.7563,37.72,-123.95,1.0251
4.8007,25.0,4.0221,1.0926,1776.0,3.683,40.9,-121.06,1.4651
3.8951,22.0,6.3825,1.1257,759.0,2.5314,33.53,-116.07,1.2812
2.7079,28.0,7.2455,1.3469,1060.0,2.5335,40.28,-117.3,1.0787
1.9618,29.0,4.0529,1.0931,613.0,2.3651,34.52,-116.94,0.6754
5.1686,13.0,4.299,0.7346,278.0,3.5133,36.25,-117.21,2.8376
4.6767,18.0,6.6212,1.1968,1224.0,2.4034,35.53,-121.14,2.1522
3.338,2.0,5.7258,1.1157,1533.0,3.3512,36.31,-123.29,1.2731
8.0124,29.0,6.0618,1.3907,1267.0,2.6323,33.96,-121.53,3.4331
2.1564,21.0,5.8087,1.204,375.0,1.5168,37.28,-115.86,0.8156
1.7568,15.0,5.8688,0.9082,904.0,2.5008,40.09,-114.35,0.9484
2.5565,52.0,3.8082,0.6907,324.0,2.0746,36.7,-119.29,1.169
3.4195,27.0,6.6568,1.1899,2329.0,2.9237,37.16,-124.2,1.9899
3.8943,50.0,6.8035,1.3423,603.0,2.0667,40.53,-122.88,1.7376
3.1313,31.0,5.1247,1.1013,2187.0,3.5482,39.19,-121.03,1.9264
4.0895,15.0,5.3478,1.1478,1845.0,2.8362,37.16,-118.43,2.0778
1.9874,51.0,3.5627,0.5,668.0,2.7757,34.97,-123.54,0.5026
6.6838,23.0,6.0171,1.4275,588.0,3.3591,40.87,-114.72,3.6222
3.3637,24.0,6.0865,1.2711,1330.0,3.5747,37.97,-120.59,1.5999
5.7706,44.0,5.3254,1.3231,689.0,2.8859,34.63,-115.04,1.9521
4.0724,13.0,6.7492,1.4548,1160.0,2.3602,35.08,-116.38,2.3195
4.2868,22.0,4.9991,1.1925,841.0,1.6582,40.1,-116.63,2.5824
4.5104,43.0,6.0775,1.3147,412.0,2.4198,32.96,-118.14,1.7651
4.2694,37.0,4.1764,1.0321,322.0,2.468,41.88,-117.94,1.6356
4.661,33.0,5.3717,1.1725,1242.0,2.9749,33.78,-117.82,1.794
6.3479,3.0,5.1908,1.0204,805.0,2.6584,40.03,-117.92,3.0727
3.8131,19.0,5.6704,1.5851,809.0,3.3816,36.26,-118.68,2.0427
4.8021,23.0,4.9566,1.1455,1608.0,2.4709,37.18,-114.29,2.1557
3.3522,29.0,5.2422,1.1537,2091.0,2.8601,40.83,-116.87,1.4719
6.6729,30.0,6.3913,0.9927,944.0,3.7288,36.43,-116.41,3.3196
2.5744,39.0,4.8759,0.7553,909.0,3.1393,37.6,-115.44,0.8973
7.8493,44.0,3.4721,0.73,1444.0,2.858,33.01,-122.11,3.509
3.4278,47.0,7.4995,1.5381,520.0,2.4786,32.57,-123.45,1.3211
1.8334,25.0,7.0577,1.2598,1240.0,2.4567,34.85,-119.4,0.9714
3.6975,37.0,3.8493,0.7889,1486.0,2.3046,38.95,-119.08,1.4861
2.569,47.0,6.2276,1.5918,1594.0,2.5213,33.69,-115.88,0.8776
5.0952,8.0,4.7964,1.076,378.0,3.429,33.62,-119.8,2.0147
2.6021,42.0,5.7162,0.915,721.0,2.7447,36.41,-118.51,1.5321
2.8554,16.0,5.7531,1.1282,677.0,1.9552,38.64,-118.95,1.0633
1.4914,8.0,5.1187,0.8795,1159.0,4.1377,39.24,-123.91,0.5602
2.8476,1.0,4.4595,0.8314,1429.0,3.124,34.23,-118.06,1.9577
1.1726,44.0,4.5714,0.8481,2498.0,1.9151,33.3,-115.9,0.6423
1.7113,5.0,4.3006,0.7882,835.0,2.5907,41.39,-122.7,0.5
4.9145,3.0,4.4018,0.687,834.0,2.9776,35.0,-118.27,1.9134
4.9709,1.0,5.3194,1.0401,2064.0,4.0932,40.57,-118.27,1.6043
4.2268,4.0,4.5411,0.8191,1291.0,2.1243,40.67,-122.63,1.6684
2.2589,40.0,6.2185,0.6061,2202.0,3.5832,39.81,-123.05,0.5
3.4162,35.0,7.1847,1.9532,1285.0,3.8796,34.14,-114.35,1.2359
3.4847,32.0,4.7039,1.12,580.0,2.4599,40.27,-120.3,1.1203
2.0725,42.0,5.6873,1.0626,527.0,2.7057,39.78,-121.99,0.969
6.8656,34.0,5.9996,1.2039,467.0,2.1746,38.16,-122.56,2.4118
5.18,43.0,5.9664,0.9486,1578.0,2.7576,35.72,-117.52,2.1403
3.16,25.0,5.4911,1.4241,2108.0,2.8744,35.02,-118.11,1.118
3.5328,10.0,6.2912,1.676,3033.0,3.3618,33.7,-117.77,1.9732
3.8335,21.0,5.9787,1.2285,1744.0,3.6631,37.34,-123.41,2.2113
1.3927,46.0,3.9148,0.9232,2079.0,2.3763,38.05,-115.23,0.7062
3.1229,39.0,6.443,1.3281,797.0,1.5229,35.93,-120.35,1.213
2.5679,27.0,6.4647,0.9905,581.0,2.8851,37.02,-121.12,1.8802
2.2239,27.0,4.4841,0.8322,1750.0,3.1055,35.97,-119.61,0.5
3.0756,2.0,5.4455,1.1142,1380.0,3.0746,38.58,-120.34,0.9601
7.8378,41.0,6.22,1.145,1163.0,2.6713,41.02,-115.53,3.2836
4.657,48.0,5.1488,0.9904,1357.0,2.9873,34.09,-114.87,2.5468
2.6992,13.0,6.6876,1.3161,1310.0,3.9608,36.14,-121.22,1.17
4.5162,9.0,8.2366,1.624,2222.0,3.1672,33.87,-115.53,1.8731
